index,carton_code
1,QRCODE00001
2,QRCODE00002
3,QRCODE00003
4,QRCODE00004
5,QRCODE00005
6,QRCODE00006
7,QRCODE00007
8,QRCODE00008
9,QRCODE00009
10,QRCODE00010
11,QRCODE00011
12,QRCODE00012
13,QRCODE00013
14,QRCODE00014
15,QRCODE00015
16,QRCODE00016
17,QRCODE00017
18,QRCODE00018
19,QRCODE00019
20,QRCODE00020
21,QRCODE00021
22,QRCODE00022
23,QRCODE00023
24,QRCODE00024
25,QRCODE00025
26,QRCODE00026
27,QRCODE00027
28,QRCODE00028
29,QRCODE00029
30,QRCODE00030
31,QRCODE00031
32,QRCODE00032
33,QRCODE00033
34,QRCODE00034
35,QRCODE00035
36,QRCODE00036
37,QRCODE00037
38,QRCODE00038
39,QRCODE00039
40,QRCODE00040
41,QRCODE00041
42,QRCODE00042
43,QRCODE00043
44,QRCODE00044
45,QRCODE00045
46,QRCODE00046
47,QRCODE00047
48,QRCODE00048
49,QRCODE00049
50,QRCODE00050
51,QRCODE00051
52,QRCODE00052
53,QRCODE00053
54,QRCODE00054
55,QRCODE00055
56,QRCODE00056
57,QRCODE00057
58,QRCODE00058
59,QRCODE00059
60,QRCODE00060
61,QRCODE00061
62,QRCODE00062
63,QRCODE00063
64,QRCODE00064
65,QRCODE00065
66,QRCODE00066
67,QRCODE00067
68,QRCODE00068
69,QRCODE00069
70,QRCODE00070
71,QRCODE00071
72,QRCODE00072
73,QRCODE00073
74,QRCODE00074
75,QRCODE00075
76,QRCODE00076
77,QRCODE00077
78,QRCODE00078
79,QRCODE00079
80,QRCODE00080
81,QRCODE00081
82,QRCODE00082
83,QRCODE00083
84,QRCODE00084
85,QRCODE00085
86,QRCODE00086
87,QRCODE00087
88,QRCODE00088
89,QRCODE00089
90,QRCODE00090
91,QRCODE00091
92,QRCODE00092
93,QRCODE00093
94,QRCODE00094
95,QRCODE00095
96,QRCODE00096
97,QRCODE00097
98,QRCODE00098
99,QRCODE00099
100,QRCODE00100
101,QRCODE00101
102,QRCODE00102
103,QRCODE00103
104,QRCODE00104
105,QRCODE00105
106,QRCODE00106
107,QRCODE00107
108,QRCODE00108
109,QRCODE00109
110,QRCODE00110
111,QRCODE00111
112,QRCODE00112
113,QRCODE00113
114,QRCODE00114
115,QRCODE00115
116,QRCODE00116
117,QRCODE00117
118,QRCODE00118
119,QRCODE00119
120,QRCODE00120
121,QRCODE00121
122,QRCODE00122
123,QRCODE00123
124,QRCODE00124
125,QRCODE00125
126,QRCODE00126
127,QRCODE00127
128,QRCODE00128
129,QRCODE00129
130,QRCODE00130
131,QRCODE00131
132,QRCODE00132
133,QRCODE00133
134,QRCODE00134
135,QRCODE00135
136,QRCODE00136
137,QRCODE00137
138,QRCODE00138
139,QRCODE00139
140,QRCODE00140
141,QRCODE00141
142,QRCODE00142
143,QRCODE00143
144,QRCODE00144
145,QRCODE00145
146,QRCODE00146
147,QRCODE00147
148,QRCODE00148
149,QRCODE00149
150,QRCODE00150
151,QRCODE00151
152,QRCODE00152
153,QRCODE00153
154,QRCODE00154
155,QRCODE00155
156,QRCODE00156
157,QRCODE00157
158,QRCODE00158
159,QRCODE00159
160,QRCODE00160
161,QRCODE00161
162,QRCODE00162
163,QRCODE00163
164,QRCODE00164
165,QRCODE00165
166,QRCODE00166
167,QRCODE00167
168,QRCODE00168
169,QRCODE00169
170,QRCODE00170
171,QRCODE00171
172,QRCODE00172
173,QRCODE00173
174,QRCODE00174
175,QRCODE00175
176,QRCODE00176
177,QRCODE00177
178,QRCODE00178
179,QRCODE00179
180,QRCODE00180
181,QRCODE00181
182,QRCODE00182
183,QRCODE00183
184,QRCODE00184
185,QRCODE00185
186,QRCODE00186
187,QRCODE00187
188,QRCODE00188
189,QRCODE00189
190,QRCODE00190
191,QRCODE00191
192,QRCODE00192
193,QRCODE00193
194,QRCODE00194
195,QRCODE00195
196,QRCODE00196
197,QRCODE00197
198,QRCODE00198
199,QRCODE00199
200,QRCODE00200
201,QRCODE00201
202,QRCODE00202
203,QRCODE00203
204,QRCODE00204
205,QRCODE00205
206,QRCODE00206
207,QRCODE00207
208,QRCODE00208
209,QRCODE00209
210,QRCODE00210
211,QRCODE00211
212,QRCODE00212
213,QRCODE00213
214,QRCODE00214
215,QRCODE00215
216,QRCODE00216
217,QRCODE00217
218,QRCODE00218
219,QRCODE00219
220,QRCODE00220
221,QRCODE00221
222,QRCODE00222
223,QRCODE00223
224,QRCODE00224
225,QRCODE00225
226,QRCODE00226
227,QRCODE00227
228,QRCODE00228
229,QRCODE00229
230,QRCODE00230
231,QRCODE00231
232,QRCODE00232
233,QRCODE00233
234,QRCODE00234
235,QRCODE00235
236,QRCODE00236
237,QRCODE00237
238,QRCODE00238
239,QRCODE00239
240,QRCODE00240
241,QRCODE00241
242,QRCODE00242
243,QRCODE00243
244,QRCODE00244
245,QRCODE00245
246,QRCODE00246
247,QRCODE00247
248,QRCODE00248
249,QRCODE00249
250,QRCODE00250
251,QRCODE00251
252,QRCODE00252
253,QRCODE00253
254,QRCODE00254
255,QRCODE00255
256,QRCODE00256
257,QRCODE00257
258,QRCODE00258
259,QRCODE00259
260,QRCODE00260
261,QRCODE00261
262,QRCODE00262
263,QRCODE00263
264,QRCODE00264
265,QRCODE00265
266,QRCODE00266
267,QRCODE00267
268,QRCODE00268
269,QRCODE00269
270,QRCODE00270
271,QRCODE00271
272,QRCODE00272
273,QRCODE00273
274,QRCODE00274
275,QRCODE00275
276,QRCODE00276
277,QRCODE00277
278,QRCODE00278
279,QRCODE00279
280,QRCODE00280
281,QRCODE00281
282,QRCODE00282
283,QRCODE00283
284,QRCODE00284
285,QRCODE00285
286,QRCODE00286
287,QRCODE00287
288,QRCODE00288
289,QRCODE00289
290,QRCODE00290
291,QRCODE00291
292,QRCODE00292
293,QRCODE00293
294,QRCODE00294
295,QRCODE00295
296,QRCODE00296
297,QRCODE00297
298,QRCODE00298
299,QRCODE00299
300,QRCODE00300
301,QRCODE00301
302,QRCODE00302
303,QRCODE00303
304,QRCODE00304
305,QRCODE00305
306,QRCODE00306
307,QRCODE00307
308,QRCODE00308
309,QRCODE00309
310,QRCODE00310
311,QRCODE00311
312,QRCODE00312
313,QRCODE00313
314,QRCODE00314
315,QRCODE00315
316,QRCODE00316
317,QRCODE00317
318,QRCODE00318
319,QRCODE00319
320,QRCODE00320
321,QRCODE00321
322,QRCODE00322
323,QRCODE00323
324,QRCODE00324
325,QRCODE00325
326,QRCODE00326
327,QRCODE00327
328,QRCODE00328
329,QRCODE00329
330,QRCODE00330
331,QRCODE00331
332,QRCODE00332
333,QRCODE00333
334,QRCODE00334
335,QRCODE00335
336,QRCODE00336
337,QRCODE00337
338,QRCODE00338
339,QRCODE00339
340,QRCODE00340
341,QRCODE00341
342,QRCODE00342
343,QRCODE00343
344,QRCODE00344
345,QRCODE00345
346,QRCODE00346
347,QRCODE00347
348,QRCODE00348
349,QRCODE00349
350,QRCODE00350
351,QRCODE00351
352,QRCODE00352
353,QRCODE00353
354,QRCODE00354
355,QRCODE00355
356,QRCODE00356
357,QRCODE00357
358,QRCODE00358
359,QRCODE00359
360,QRCODE00360
361,QRCODE00361
362,QRCODE00362
363,QRCODE00363
364,QRCODE00364
365,QRCODE00365
366,QRCODE00366
367,QRCODE00367
368,QRCODE00368
369,QRCODE00369
370,QRCODE00370
371,QRCODE00371
372,QRCODE00372
373,QRCODE00373
374,QRCODE00374
375,QRCODE00375
376,QRCODE00376
377,QRCODE00377
378,QRCODE00378
379,QRCODE00379
380,QRCODE00380
381,QRCODE00381
382,QRCODE00382
383,QRCODE00383
384,QRCODE00384
385,QRCODE00385
386,QRCODE00386
387,QRCODE00387
388,QRCODE00388
389,QRCODE00389
390,QRCODE00390
391,QRCODE00391
392,QRCODE00392
393,QRCODE00393
394,QRCODE00394
395,QRCODE00395
396,QRCODE00396
397,QRCODE00397
398,QRCODE00398
399,QRCODE00399
400,QRCODE00400
401,QRCODE00401
402,QRCODE00402
403,QRCODE00403
404,QRCODE00404
405,QRCODE00405
406,QRCODE00406
407,QRCODE00407
408,QRCODE00408
409,QRCODE00409
410,QRCODE00410
411,QRCODE00411
412,QRCODE00412
413,QRCODE00413
414,QRCODE00414
415,QRCODE00415
416,QRCODE00416
417,QRCODE00417
418,QRCODE00418
419,QRCODE00419
420,QRCODE00420
421,QRCODE00421
422,QRCODE00422
423,QRCODE00423
424,QRCODE00424
425,QRCODE00425
426,QRCODE00426
427,QRCODE00427
428,QRCODE00428
429,QRCODE00429
430,QRCODE00430
431,QRCODE00431
432,QRCODE00432
433,QRCODE00433
434,QRCODE00434
435,QRCODE00435
436,QRCODE00436
437,QRCODE00437
438,QRCODE00438
439,QRCODE00439
440,QRCODE00440
441,QRCODE00441
442,QRCODE00442
443,QRCODE00443
444,QRCODE00444
445,QRCODE00445
446,QRCODE00446
447,QRCODE00447
448,QRCODE00448
449,QRCODE00449
450,QRCODE00450
451,QRCODE00451
452,QRCODE00452
453,QRCODE00453
454,QRCODE00454
455,QRCODE00455
456,QRCODE00456
457,QRCODE00457
458,QRCODE00458
459,QRCODE00459
460,QRCODE00460
461,QRCODE00461
462,QRCODE00462
463,QRCODE00463
464,QRCODE00464
465,QRCODE00465
466,QRCODE00466
467,QRCODE00467
468,QRCODE00468
469,QRCODE00469
470,QRCODE00470
471,QRCODE00471
472,QRCODE00472
473,QRCODE00473
474,QRCODE00474
475,QRCODE00475
476,QRCODE00476
477,QRCODE00477
478,QRCODE00478
479,QRCODE00479
480,QRCODE00480
481,QRCODE00481
482,QRCODE00482
483,QRCODE00483
484,QRCODE00484
485,QRCODE00485
486,QRCODE00486
487,QRCODE00487
488,QRCODE00488
489,QRCODE00489
490,QRCODE00490
491,QRCODE00491
492,QRCODE00492
493,QRCODE00493
494,QRCODE00494
495,QRCODE00495
496,QRCODE00496
497,QRCODE00497
498,QRCODE00498
499,QRCODE00499
500,QRCODE00500
501,QRCODE00501
502,QRCODE00502
503,QRCODE00503
504,QRCODE00504
505,QRCODE00505
506,QRCODE00506
507,QRCODE00507
508,QRCODE00508
509,QRCODE00509
510,QRCODE00510
511,QRCODE00511
512,QRCODE00512
513,QRCODE00513
514,QRCODE00514
515,QRCODE00515
516,QRCODE00516
517,QRCODE00517
518,QRCODE00518
519,QRCODE00519
520,QRCODE00520
521,QRCODE00521
522,QRCODE00522
523,QRCODE00523
524,QRCODE00524
525,QRCODE00525
526,QRCODE00526
527,QRCODE00527
528,QRCODE00528
529,QRCODE00529
530,QRCODE00530
531,QRCODE00531
532,QRCODE00532
533,QRCODE00533
534,QRCODE00534
535,QRCODE00535
536,QRCODE00536
537,QRCODE00537
538,QRCODE00538
539,QRCODE00539
540,QRCODE00540
541,QRCODE00541
542,QRCODE00542
543,QRCODE00543
544,QRCODE00544
545,QRCODE00545
546,QRCODE00546
547,QRCODE00547
548,QRCODE00548
549,QRCODE00549
550,QRCODE00550
551,QRCODE00551
552,QRCODE00552
553,QRCODE00553
554,QRCODE00554
555,QRCODE00555
556,QRCODE00556
557,QRCODE00557
558,QRCODE00558
559,QRCODE00559
560,QRCODE00560
561,QRCODE00561
562,QRCODE00562
563,QRCODE00563
564,QRCODE00564
565,QRCODE00565
566,QRCODE00566
567,QRCODE00567
568,QRCODE00568
569,QRCODE00569
570,QRCODE00570
571,QRCODE00571
572,QRCODE00572
573,QRCODE00573
574,QRCODE00574
575,QRCODE00575
576,QRCODE00576
577,QRCODE00577
578,QRCODE00578
579,QRCODE00579
580,QRCODE00580
581,QRCODE00581
582,QRCODE00582
583,QRCODE00583
584,QRCODE00584
585,QRCODE00585
586,QRCODE00586
587,QRCODE00587
588,QRCODE00588
589,QRCODE00589
590,QRCODE00590
591,QRCODE00591
592,QRCODE00592
593,QRCODE00593
594,QRCODE00594
595,QRCODE00595
596,QRCODE00596
597,QRCODE00597
598,QRCODE00598
599,QRCODE00599
600,QRCODE00600
601,QRCODE00601
602,QRCODE00602
603,QRCODE00603
604,QRCODE00604
605,QRCODE00605
606,QRCODE00606
607,QRCODE00607
608,QRCODE00608
609,QRCODE00609
610,QRCODE00610
611,QRCODE00611
612,QRCODE00612
613,QRCODE00613
614,QRCODE00614
615,QRCODE00615
616,QRCODE00616
617,QRCODE00617
618,QRCODE00618
619,QRCODE00619
620,QRCODE00620
621,QRCODE00621
622,QRCODE00622
623,QRCODE00623
624,QRCODE00624
625,QRCODE00625
626,QRCODE00626
627,QRCODE00627
628,QRCODE00628
629,QRCODE00629
630,QRCODE00630
631,QRCODE00631
632,QRCODE00632
633,QRCODE00633
634,QRCODE00634
635,QRCODE00635
636,QRCODE00636
637,QRCODE00637
638,QRCODE00638
639,QRCODE00639
640,QRCODE00640
641,QRCODE00641
642,QRCODE00642
643,QRCODE00643
644,QRCODE00644
645,QRCODE00645
646,QRCODE00646
647,QRCODE00647
648,QRCODE00648
649,QRCODE00649
650,QRCODE00650
651,QRCODE00651
652,QRCODE00652
653,QRCODE00653
654,QRCODE00654
655,QRCODE00655
656,QRCODE00656
657,QRCODE00657
658,QRCODE00658
659,QRCODE00659
660,QRCODE00660
661,QRCODE00661
662,QRCODE00662
663,QRCODE00663
664,QRCODE00664
665,QRCODE00665
666,QRCODE00666
667,QRCODE00667
668,QRCODE00668
669,QRCODE00669
670,QRCODE00670
671,QRCODE00671
672,QRCODE00672
673,QRCODE00673
674,QRCODE00674
675,QRCODE00675
676,QRCODE00676
677,QRCODE00677
678,QRCODE00678
679,QRCODE00679
680,QRCODE00680
681,QRCODE00681
682,QRCODE00682
683,QRCODE00683
684,QRCODE00684
685,QRCODE00685
686,QRCODE00686
687,QRCODE00687
688,QRCODE00688
689,QRCODE00689
690,QRCODE00690
691,QRCODE00691
692,QRCODE00692
693,QRCODE00693
694,QRCODE00694
695,QRCODE00695
696,QRCODE00696
697,QRCODE00697
698,QRCODE00698
699,QRCODE00699
700,QRCODE00700
701,QRCODE00701
702,QRCODE00702
703,QRCODE00703
704,QRCODE00704
705,QRCODE00705
706,QRCODE00706
707,QRCODE00707
708,QRCODE00708
709,QRCODE00709
710,QRCODE00710
711,QRCODE00711
712,QRCODE00712
713,QRCODE00713
714,QRCODE00714
715,QRCODE00715
716,QRCODE00716
717,QRCODE00717
718,QRCODE00718
719,QRCODE00719
720,QRCODE00720
721,QRCODE00721
722,QRCODE00722
723,QRCODE00723
724,QRCODE00724
725,QRCODE00725
726,QRCODE00726
727,QRCODE00727
728,QRCODE00728
729,QRCODE00729
730,QRCODE00730
731,QRCODE00731
732,QRCODE00732
733,QRCODE00733
734,QRCODE00734
735,QRCODE00735
736,QRCODE00736
737,QRCODE00737
738,QRCODE00738
739,QRCODE00739
740,QRCODE00740
741,QRCODE00741
742,QRCODE00742
743,QRCODE00743
744,QRCODE00744
745,QRCODE00745
746,QRCODE00746
747,QRCODE00747
748,QRCODE00748
749,QRCODE00749
750,QRCODE00750
751,QRCODE00751
752,QRCODE00752
753,QRCODE00753
754,QRCODE00754
755,QRCODE00755
756,QRCODE00756
757,QRCODE00757
758,QRCODE00758
759,QRCODE00759
760,QRCODE00760
761,QRCODE00761
762,QRCODE00762
763,QRCODE00763
764,QRCODE00764
765,QRCODE00765
766,QRCODE00766
767,QRCODE00767
768,QRCODE00768
769,QRCODE00769
770,QRCODE00770
771,QRCODE00771
772,QRCODE00772
773,QRCODE00773
774,QRCODE00774
775,QRCODE00775
776,QRCODE00776
777,QRCODE00777
778,QRCODE00778
779,QRCODE00779
780,QRCODE00780
781,QRCODE00781
782,QRCODE00782
783,QRCODE00783
784,QRCODE00784
785,QRCODE00785
786,QRCODE00786
787,QRCODE00787
788,QRCODE00788
789,QRCODE00789
790,QRCODE00790
791,QRCODE00791
792,QRCODE00792
793,QRCODE00793
794,QRCODE00794
795,QRCODE00795
796,QRCODE00796
797,QRCODE00797
798,QRCODE00798
799,QRCODE00799
800,QRCODE00800
801,QRCODE00801
802,QRCODE00802
803,QRCODE00803
804,QRCODE00804
805,QRCODE00805
806,QRCODE00806
807,QRCODE00807
808,QRCODE00808
809,QRCODE00809
810,QRCODE00810
811,QRCODE00811
812,QRCODE00812
813,QRCODE00813
814,QRCODE00814
815,QRCODE00815
816,QRCODE00816
817,QRCODE00817
818,QRCODE00818
819,QRCODE00819
820,QRCODE00820
821,QRCODE00821
822,QRCODE00822
823,QRCODE00823
824,QRCODE00824
825,QRCODE00825
826,QRCODE00826
827,QRCODE00827
828,QRCODE00828
829,QRCODE00829
830,QRCODE00830
831,QRCODE00831
832,QRCODE00832
833,QRCODE00833
834,QRCODE00834
835,QRCODE00835
836,QRCODE00836
837,QRCODE00837
838,QRCODE00838
839,QRCODE00839
840,QRCODE00840
841,QRCODE00841
842,QRCODE00842
843,QRCODE00843
844,QRCODE00844
845,QRCODE00845
846,QRCODE00846
847,QRCODE00847
848,QRCODE00848
849,QRCODE00849
850,QRCODE00850
851,QRCODE00851
852,QRCODE00852
853,QRCODE00853
854,QRCODE00854
855,QRCODE00855
856,QRCODE00856
857,QRCODE00857
858,QRCODE00858
859,QRCODE00859
860,QRCODE00860
861,QRCODE00861
862,QRCODE00862
863,QRCODE00863
864,QRCODE00864
865,QRCODE00865
866,QRCODE00866
867,QRCODE00867
868,QRCODE00868
869,QRCODE00869
870,QRCODE00870
871,QRCODE00871
872,QRCODE00872
873,QRCODE00873
874,QRCODE00874
875,QRCODE00875
876,QRCODE00876
877,QRCODE00877
878,QRCODE00878
879,QRCODE00879
880,QRCODE00880
881,QRCODE00881
882,QRCODE00882
883,QRCODE00883
884,QRCODE00884
885,QRCODE00885
886,QRCODE00886
887,QRCODE00887
888,QRCODE00888
889,QRCODE00889
890,QRCODE00890
891,QRCODE00891
892,QRCODE00892
893,QRCODE00893
894,QRCODE00894
895,QRCODE00895
896,QRCODE00896
897,QRCODE00897
898,QRCODE00898
899,QRCODE00899
900,QRCODE00900
901,QRCODE00901
902,QRCODE00902
903,QRCODE00903
904,QRCODE00904
905,QRCODE00905
906,QRCODE00906
907,QRCODE00907
908,QRCODE00908
909,QRCODE00909
910,QRCODE00910
911,QRCODE00911
912,QRCODE00912
913,QRCODE00913
914,QRCODE00914
915,QRCODE00915
916,QRCODE00916
917,QRCODE00917
918,QRCODE00918
919,QRCODE00919
920,QRCODE00920
921,QRCODE00921
922,QRCODE00922
923,QRCODE00923
924,QRCODE00924
925,QRCODE00925
926,QRCODE00926
927,QRCODE00927
928,QRCODE00928
929,QRCODE00929
930,QRCODE00930
931,QRCODE00931
932,QRCODE00932
933,QRCODE00933
934,QRCODE00934
935,QRCODE00935
936,QRCODE00936
937,QRCODE00937
938,QRCODE00938
939,QRCODE00939
940,QRCODE00940
941,QRCODE00941
942,QRCODE00942
943,QRCODE00943
944,QRCODE00944
945,QRCODE00945
946,QRCODE00946
947,QRCODE00947
948,QRCODE00948
949,QRCODE00949
950,QRCODE00950
951,QRCODE00951
952,QRCODE00952
953,QRCODE00953
954,QRCODE00954
955,QRCODE00955
956,QRCODE00956
957,QRCODE00957
958,QRCODE00958
959,QRCODE00959
960,QRCODE00960
961,QRCODE00961
962,QRCODE00962
963,QRCODE00963
964,QRCODE00964
965,QRCODE00965
966,QRCODE00966
967,QRCODE00967
968,QRCODE00968
969,QRCODE00969
970,QRCODE00970
971,QRCODE00971
972,QRCODE00972
973,QRCODE00973
974,QRCODE00974
975,QRCODE00975
976,QRCODE00976
977,QRCODE00977
978,QRCODE00978
979,QRCODE00979
980,QRCODE00980
981,QRCODE00981
982,QRCODE00982
983,QRCODE00983
984,QRCODE00984
985,QRCODE00985
986,QRCODE00986
987,QRCODE00987
988,QRCODE00988
989,QRCODE00989
990,QRCODE00990
991,QRCODE00991
992,QRCODE00992
993,QRCODE00993
994,QRCODE00994
995,QRCODE00995
996,QRCODE00996
997,QRCODE00997
998,QRCODE00998
999,QRCODE00999
1000,QRCODE01000